{"cameraMode":{"drawMode":0,"name":"Shaded","section":"Shading Mode"},"sceneLighting":false,"audioPlay":false,"sceneViewState":{"showFog":true,"showMaterialUpdate":false,"showSkybox":false,"showFlares":true,"showImageEffects":true,"showParticleSystems":true},"in2DMode":false,"pivot":{"x":0.08237648010253906,"y":1.1150164604187012,"z":-0.0016289949417114258},"rotation":{"x":0.11564856022596359,"y":-0.25649282336235049,"z":0.030928663909435273,"w":0.9591038823127747},"size":4.373520851135254,"orthographic":false}