{"cameraMode":{"drawMode":0,"name":"Shaded","section":"Shading Mode"},"sceneLighting":true,"audioPlay":false,"sceneViewState":{"showFog":true,"showMaterialUpdate":false,"showSkybox":true,"showFlares":true,"showImageEffects":true,"showParticleSystems":true},"in2DMode":false,"pivot":{"x":213.67959594726563,"y":-26.513729095458986,"z":6.849449157714844},"rotation":{"x":-0.054440587759017947,"y":0.5012738704681397,"z":-0.03162427619099617,"w":-0.8629952073097229},"size":1755.4971923828125,"orthographic":false}