{"cameraMode":{"drawMode":0,"name":"Shaded","section":"Shading Mode"},"sceneLighting":true,"audioPlay":false,"sceneViewState":{"showFog":true,"showMaterialUpdate":false,"showSkybox":true,"showFlares":true,"showImageEffects":true,"showParticleSystems":true},"in2DMode":false,"pivot":{"x":144.60000610351563,"y":4.900000095367432,"z":84.30000305175781},"rotation":{"x":-0.1729469746351242,"y":-0.044579535722732547,"z":0.00783492997288704,"w":-0.9838905930519104},"size":5.472431182861328,"orthographic":false}